{"fold_scores":[2.782556592,2.7692920146,2.9341482247,2.9951888001,3.128146806],"mean":2.9218664875,"std":0.1347329129}